first_name,last_name,email,nro_telefono,nombre_usuario,contrasenia
Maribelle,Thames,mthames0@pinterest.com,7149296802,mthames0,"kW7,f(g6+}sY_5j#"
Aurie,Lehrian,alehrian1@liveinternet.ru,6376778798,alehrian1,"gY9R&'{"")GO6&Q@"
Bartholomeus,Imlin,bimlin2@narod.ru,5143555146,bimlin2,qA0cB8Y8NAhe
Cornie,Gley,cgley3@dropbox.com,5024748614,cgley3,lN4\__zYSm`WOSD)
L;urette,Imesson,limesson4@mysql.com,5425022757,limesson4,"yN69Dd""M&S"
Shara,Ivanenkov,sivanenkov5@is.gd,8282291923,sivanenkov5,uE2!iQn7y
Matias,Levens,mlevens6@bloglovin.com,8223732696,mlevens6,nV4=|Qa+?E{{
Erasmus,Melloi,emelloi7@behance.net,3089384704,emelloi7,"yC6un,<|m)Qj|~_"
Uriah,Jarry,ujarry8@indiatimes.com,3565491316,ujarry8,yE8'@z?J7E&
Shalne,MacPhee,smacphee9@time.com,9843199338,smacphee9,nT3`eIGe0
Mathian,Elder,meldera@elegantthemes.com,7095054287,meldera,"rD1@@qD(Ep""HY"
Nichol,Debold,ndeboldb@list-manage.com,4901788696,ndeboldb,nX95VF1.
Parrnell,Eilles,peillesc@wikipedia.org,3485870122,peillesc,"hT4ATx""%Aq)o"
Marietta,Howsam,mhowsamd@usa.gov,1081932864,mhowsamd,xQ3$PB}f>d<Q$
Dedra,Cartwright,dcartwrighte@sourceforge.net,1323460606,dcartwrighte,fN44l7hFW\Z
Del,Tomek,dtomekf@theatlantic.com,6381896787,dtomekf,qL0=e2G/H`g%LT
Cello,Cesaric,ccesaricg@twitpic.com,2006382216,ccesaricg,xR9%hs$E/
Mel,Malin,mmalinh@bigcartel.com,2595168640,mmalinh,fW7NTD/.0@PJd}
Evaleen,Begley,ebegleyi@pagesperso-orange.fr,5532456531,ebegleyi,sE6+ddXOT
Henka,Josh,hjoshj@noaa.gov,2783823034,hjoshj,"yH2d5>oZM,"
Valentino,Flewan,vflewank@springer.com,9816503050,vflewank,"oH1sisp+){Y`,"
Bess,Licciardo,blicciardol@plala.or.jp,6644556302,blicciardol,lQ97q=CQmctIR)%
Briny,Blague,bblaguem@symantec.com,4512695757,bblaguem,vO7MX*\a
Jolyn,De Malchar,jdemalcharn@indiatimes.com,3629495745,jdemalcharn,oB2@5F52
Delbert,Dudney,ddudneyo@networkadvertising.org,1955612633,ddudneyo,vU8pPYkK
Brunhilde,Horstead,bhorsteadp@instagram.com,8244384348,bhorsteadp,wC5SdkH<_&
Winona,Lowings,wlowingsq@archive.org,3331910869,wlowingsq,zI0>TOI2Ui\Z.X#/
Gloriana,Grane,ggraner@merriam-webster.com,1851182831,ggraner,qS3#_!&S
Brenden,Knobell,bknobells@cmu.edu,6961028420,bknobells,tX87jRZR}}+PcNVx
Dollie,Boase,dboaset@t-online.de,1193869467,dboaset,rU9T8?wr_7ma
Kitti,Proschke,kproschkeu@storify.com,1585742182,kproschkeu,"pV6i6""qrFY_)yd"
Petronilla,Tubbs,ptubbsv@google.pl,3816860378,ptubbsv,cN4mh7<i?@63lcB
Jolee,Hampstead,jhampsteadw@answers.com,7704409641,jhampsteadw,fV1hZn{A#~W4B&v
Cyril,Danilin,cdanilinx@msu.edu,4504133411,cdanilinx,dK128r/\<*MJ
Dawna,Gilliver,dgillivery@auda.org.au,3152046348,dgillivery,yO1{Oe'|mY/D)q$U
Andy,Boerderman,aboerdermanz@msu.edu,7997657138,aboerdermanz,kW5~%##Hc8e3&
Lusa,Thomasen,lthomasen10@boston.com,7387840966,lthomasen10,uT19?6X4
Alic,Michurin,amichurin11@xing.com,4332549285,amichurin11,qO8_F~\IvY
Tobye,Childerhouse,tchilderhouse12@independent.co.uk,3892403087,tchilderhouse12,nN4N~.dWWh$B5aQI
Giff,Farbrother,gfarbrother13@lulu.com,5871520188,gfarbrother13,wC7Jd}{q
Moreen,Eke,meke14@macromedia.com,1619613570,meke14,pU0xF?M<%6U?D~lG
Randy,Gillett,rgillett15@dailymail.co.uk,3266241152,rgillett15,uY1fA&n\lbL
Morgen,Matieu,mmatieu16@tinypic.com,4338447656,mmatieu16,hC84#=Mx3giG
Lindon,Lease,llease17@odnoklassniki.ru,6382751565,llease17,cU9.Le{e_Jq
Donny,Scholar,dscholar18@rediff.com,1335289681,dscholar18,uT6~W@A>$!U=>pBw
Corty,Gounin,cgounin19@github.com,6909491028,cgounin19,"zG2)X,|~9}"
Ike,Goodbairn,igoodbairn1a@w3.org,3902624395,igoodbairn1a,"sI5a#Er~HXFJ"""
Leone,Arden,larden1b@altervista.org,6735915339,larden1b,jJ1~WwLj
Modesty,Dencs,mdencs1c@nyu.edu,3742956177,mdencs1c,gZ1)\&`'r2
Manda,Wragge,mwragge1d@mapquest.com,3965305729,mwragge1d,tU5_l_{HHU*\4!1d
Rosemonde,Sloley,rsloley1e@hostgator.com,3004286087,rsloley1e,nL4_g/?y6lv~
Wallis,De La Hay,wdelahay1f@senate.gov,8547325422,wdelahay1f,nX1wSPDQM.2
Fredi,Chadd,fchadd1g@mashable.com,6199036144,fchadd1g,nL912'keZ?3
Farly,Proschek,fproschek1h@friendfeed.com,6939229333,fproschek1h,iH8?FZ*7\`y
Bord,Placstone,bplacstone1i@yellowbook.com,1222671517,bplacstone1i,"aQ23I2b`v""`,i5&v"
Chaddie,Schmuhl,cschmuhl1j@earthlink.net,4825092629,cschmuhl1j,kB6NukPpz
Mab,Langfield,mlangfield1k@prweb.com,1064724751,mlangfield1k,"hF8h41igI""82R"""
Sadie,Haker,shaker1l@cnn.com,9144094868,shaker1l,rL2L{`bKp2z6
Zorana,Trineman,ztrineman1m@ibm.com,4621268597,ztrineman1m,aU6@5<VPSuqJ
Margarita,Grimolbie,mgrimolbie1n@sbwire.com,2251624098,mgrimolbie1n,rR8&L&WrH/+
